aai	Arifama-Miniafia	Austronesian	Malayo-Polynesian	Central-Eastern Malayo-Polynesian	Eastern Malayo-Polynesian	Oceanic	Western Oceanic	Papuan Tip	Nuclear	North Papuan Mainland-D’Entrecasteaux	Are-Taupota	Are
aak	Ankave	Trans-New Guinea	Angan	Nuclear Angan
aau	Abau	Sepik	Abau
abt	Ambulas	Sepik	Ndu
aby	Aneme Wake	Trans-New Guinea	Southeast Papuan	Yareban
acd	Gikyode	Niger-Congo	Atlantic-Congo	Volta-Congo	Kwa	Nyo	Potou-Tano	Tano	Guang	North Guang
ace	Aceh	Austronesian	Malayo-Polynesian	Malayo-Chamic	Chamic	Acehnese
acf	Saint Lucian Creole French	Creole	French based
acn	Achang	Sino-Tibetan	Tibeto-Burman	Ngwi-Burmese	Burmish	Northern
acr	Rabinal Achí	Mayan	Yucatecan-Core Mayan	K’ichean-Mamean	K’ichean	Poqom-K’ichean	Core K’ichean
acu	Achuar-Shiwiar	Jivaroan	Jívaro
ade	Adele	Niger-Congo	Atlantic-Congo	Volta-Congo	Kwa	Nyo	Potou-Tano	Basila-Adele
adj	Adioukrou	Niger-Congo	Atlantic-Congo	Volta-Congo	Kwa	Nyo	Agneby
aey	Amele	Trans-New Guinea	Madang	Croisilles	Gum
afr	Afrikaans	Indo-European	Germanic	West	Low Saxon-Low Franconian	Low Franconian
agd	Agarabi	Trans-New Guinea	Kainantu-Goroka	Kainantu	Gadsup-Auyana-Awa
agg	Angor	Senagi
agm	Angaatiha	Trans-New Guinea	Angan	Angaatiha
agn	Agutaynen	Austronesian	Malayo-Polynesian	Philippine	Kalamian
agr	Aguaruna	Jivaroan
agu	Aguacateco	Mayan	Yucatecan-Core Mayan	K’ichean-Mamean	Mamean	Awakateko-Ixil
ahk	Akha	Sino-Tibetan	Tibeto-Burman	Ngwi-Burmese	Ngwi	Southern
aia	Arosi	Austronesian	Malayo-Polynesian	Central-Eastern Malayo-Polynesian	Eastern Malayo-Polynesian	Oceanic	Central-Eastern Oceanic	Southeast Solomonic	Malaita-San Cristobal	San Cristobal
akb	Batak Angkola	Austronesian	Malayo-Polynesian	Northwest Sumatra-Barrier Islands	Batak	Southern
ake	Akawaio	Cariban	North Amazonian	Pemón	Pemón proper	Kapong
akh	Angal Heneng	Trans-New Guinea	Engan	Angal-Kewa
ale	Aleut	Eskimo-Aleut	Aleut
aln	Gheg Albanian	Indo-European	Albanian	Gheg
ame	Yanesha'	Maipurean	Southern	Western
amh	Amharic	Afro-Asiatic	Semitic	South	Ethiopian	South	Transversal	Amharic-Argobba
amm	Ama	Arai (Left May)
amn	Amanab	Border	Waris
amp	Alamblak	Sepik	Sepik Hill	Alamblak
amr	Amarakaeri	Harákmbut
amu	Guerrero Amuzgo	Otomanguean	Eastern Otomanguean	Amuzgo-Mixtecan	Amuzgo
ann	Obolo	Niger-Congo	Atlantic-Congo	Volta-Congo	Benue-Congo	Cross River	Delta Cross	Lower Cross	Obolo
anv	Denya	Niger-Congo	Atlantic-Congo	Volta-Congo	Benue-Congo	Bantoid	Southern	Mamfe
aoj	Mufian	Torricelli	Kombio-Arapesh	Arapesh
aom	Ömie	Trans-New Guinea	Southeast Papuan	Koiarian	Baraic
aon	Bumbita Arapesh	Torricelli	Kombio-Arapesh	Arapesh
aoz	Uab Meto	Austronesian	Malayo-Polynesian	Central-Eastern Malayo-Polynesian	Timor-Babar	Nuclear Timor	Uab Meto
ape	Bukiyip	Torricelli	Kombio-Arapesh	Arapesh
apn	Apinayé	Jean	Northern
apu	Apurinã	Maipurean	Southern	Southern Outlier	Piro
apy	Apalaí	Cariban	Central
apz	Safeyoka	Trans-New Guinea	Angan	Nuclear Angan
arb	Standard Arabic	Afro-Asiatic	Semitic	Central	South	Arabic
arl	Arabela	Zaparoan	Záparo	Arabela-Andoa
arn	Mapudungun	Mapudungu
arz	Egyptian Spoken Arabic	Afro-Asiatic	Semitic	Central	South	Arabic
aso	Dano	Trans-New Guinea	Kainantu-Goroka	Gorokan	Gahuku-Benabena
ata	Pele-Ata	Yele-West New Britain	West New Britain
auc	Waorani	Language isolate
aui	Anuki	Austronesian	Malayo-Polynesian	Central-Eastern Malayo-Polynesian	Eastern Malayo-Polynesian	Oceanic	Western Oceanic	Papuan Tip	Nuclear	North Papuan Mainland-D’Entrecasteaux	Anuki
auy	Awiyaana	Trans-New Guinea	Kainantu-Goroka	Kainantu	Gadsup-Auyana-Awa
ava	Avar	North Caucasian	East Caucasian	Avar-Andic	Avar
avt	Au	Torricelli	Wapei-Palei	Wapei
avu	Avokaya	Nilo-Saharan	Central Sudanic	East	Moru-Madi	Central
awb	Awa	Trans-New Guinea	Kainantu-Goroka	Kainantu	Gadsup-Auyana-Awa
awx	Awara	Trans-New Guinea	Finisterre-Huon	Finisterre	Wantoat
ayr	Central Aymara	Aymaran	Aymara
azg	San Pedro Amuzgos Amuzgo	Otomanguean	Eastern Otomanguean	Amuzgo-Mixtecan	Amuzgo
azj	North Azerbaijani	Altaic	Turkic	Southern	Azerbaijani
azz	Highland Puebla Nahuatl	Uto-Aztecan	Southern Uto-Aztecan	Corachol-Aztecan	Core Nahua	Nahuatl
bam	Bamanankan	Niger-Congo	Mande	Western	Central-Southwestern	Central	Manding-Jogo	Manding-Vai	Manding-Mokole	Manding	Manding-East	Northeastern Manding	Bamana
ban	Bali	Austronesian	Malayo-Polynesian	Bali-Sasak-Sumbawa
bao	Waimaha	Tucanoan	Eastern Tucanoan	Bará-Tuyuka
bav	Vengo	Niger-Congo	Atlantic-Congo	Volta-Congo	Benue-Congo	Bantoid	Southern	Wide Grassfields	Narrow Grassfields	Ring	South
bba	Baatonum	Niger-Congo	Atlantic-Congo	Volta-Congo	North	Gur	Bariba
bbb	Barai	Trans-New Guinea	Southeast Papuan	Koiarian	Baraic
bbr	Girawa	Trans-New Guinea	Madang	Croisilles	Kokon
bcl	Central Bicolano	Austronesian	Malayo-Polynesian	Philippine	Greater Central Philippine	Central Philippine	Bikol	Coastal	Naga
bcn	Bali	Niger-Congo	Atlantic-Congo	Volta-Congo	North	Adamawa-Ubangi	Adamawa	Leko-Nimbari	Mumuye-Yandang	Yandang
bcw	Bana	Afro-Asiatic	Chadic	Biu-Mandara	A	A.3
bdd	Bunama	Austronesian	Malayo-Polynesian	Central-Eastern Malayo-Polynesian	Eastern Malayo-Polynesian	Oceanic	Western Oceanic	Papuan Tip	Nuclear	North Papuan Mainland-D’Entrecasteaux	Dobu-Duau
bef	Benabena	Trans-New Guinea	Kainantu-Goroka	Gorokan	Gahuku-Benabena
bex	Jur Modo	Nilo-Saharan	Central Sudanic	West	Bongo-Bagirmi	Bongo-Baka	Morokodo-Beli
bfd	Bafut	Niger-Congo	Atlantic-Congo	Volta-Congo	Benue-Congo	Bantoid	Southern	Wide Grassfields	Narrow Grassfields	Mbam-Nkam	Ngemba
bgr	Bawm Chin	Sino-Tibetan	Tibeto-Burman	Sal	Kuki-Chin-Naga	Kuki-Chin	Central
bhl	Bimin	Trans-New Guinea	Ok-Awyu	Ok	Mountain
bhp	Bima	Austronesian	Malayo-Polynesian	Central-Eastern Malayo-Polynesian	Bima-Lembata
bib	Bissa	Niger-Congo	Mande	Eastern	Eastern	Bissa
big	Biangai	Trans-New Guinea	Southeast Papuan	Goilalan	Kunimaipa
bim	Bimoba	Niger-Congo	Atlantic-Congo	Volta-Congo	North	Gur	Central	Northern	Oti-Volta	Gurma	Moba
bis	Bislama	Creole	English based	Pacific
biv	Southern Birifor	Niger-Congo	Atlantic-Congo	Volta-Congo	North	Gur	Central	Northern	Oti-Volta	Western	Northwest	Dagaari-Birifor	Birifor
bjp	Fanamaket	Austronesian	Malayo-Polynesian	Central-Eastern Malayo-Polynesian	Eastern Malayo-Polynesian	Oceanic	Western Oceanic	Meso Melanesian	New Ireland	South New Ireland-Northwest Solomonic	Patpatar-Tolai
bjr	Binumarien	Trans-New Guinea	Kainantu-Goroka	Kainantu	Tairora
bjv	Bedjond	Nilo-Saharan	Central Sudanic	West	Bongo-Bagirmi	Sara-Bagirmi	Sara	Sara Proper
bku	Buhid	Austronesian	Malayo-Polynesian	Philippine	Greater Central Philippine	South Mangyan	Buhid-Taubuid
blh	Kuwaa	Niger-Congo	Atlantic-Congo	Volta-Congo	Kru	Kuwaa
blz	Balantak	Austronesian	Malayo-Polynesian	Celebic	Eastern	Saluan-Banggai	Eastern
bmh	Kein	Trans-New Guinea	Madang	Croisilles	Kokon
bmk	Ghayavi	Austronesian	Malayo-Polynesian	Central-Eastern Malayo-Polynesian	Eastern Malayo-Polynesian	Oceanic	Western Oceanic	Papuan Tip	Nuclear	North Papuan Mainland-D’Entrecasteaux	Are-Taupota	Are
bmr	Muinane	Witotoan	Proto-Bora-Muinane
bmu	Burum-Mindik	Trans-New Guinea	Finisterre-Huon	Huon	Western
bng	Benga	Niger-Congo	Atlantic-Congo	Volta-Congo	Benue-Congo	Bantoid	Southern	Narrow Bantu	Northwest	A	Bube-Benga (A.34)
bnp	Bola	Austronesian	Malayo-Polynesian	Central-Eastern Malayo-Polynesian	Eastern Malayo-Polynesian	Oceanic	Western Oceanic	Meso Melanesian	Willaumez
boa	Bora	Witotoan	Proto-Bora-Muinane
boj	Anjam	Trans-New Guinea	Madang	Rai Coast	Mindjim
bon	Bine	Eastern Trans-Fly
bpr	Koronadal Blaan	Austronesian	Malayo-Polynesian	Philippine	Bilic	Blaan
bps	Sarangani Blaan	Austronesian	Malayo-Polynesian	Philippine	Bilic	Blaan
bqc	Boko	Niger-Congo	Mande	Eastern	Eastern	Busa
bre	Breton	Indo-European	Celtic	Insular	Brythonic
bru	Eastern Bru	Austro-Asiatic	Mon-Khmer	Eastern Mon-Khmer	Katuic	West Katuic	Brou-So
bsn	Barasana	Tucanoan	Eastern Tucanoan	Bará-Tuyuka
bss	Akoose	Niger-Congo	Atlantic-Congo	Volta-Congo	Benue-Congo	Bantoid	Southern	Narrow Bantu	Northwest	A	Lundu-Balong (A.15C)
btd	Batak Dairi	Austronesian	Malayo-Polynesian	Northwest Sumatra-Barrier Islands	Batak	Northern
bto	Iriga Bicolano	Austronesian	Malayo-Polynesian	Philippine	Greater Central Philippine	Central Philippine	Bikol	Inland	Iriga
bts	Batak Simalungun	Austronesian	Malayo-Polynesian	Northwest Sumatra-Barrier Islands	Batak	Simalungan
btx	Batak Karo	Austronesian	Malayo-Polynesian	Northwest Sumatra-Barrier Islands	Batak	Northern
bud	Ntcham	Niger-Congo	Atlantic-Congo	Volta-Congo	North	Gur	Central	Northern	Oti-Volta	Gurma	Ntcham
bug	Bugis	Austronesian	Malayo-Polynesian	South Sulawesi	Bugis
buk	Bugawac	Austronesian	Malayo-Polynesian	Central-Eastern Malayo-Polynesian	Eastern Malayo-Polynesian	Oceanic	Western Oceanic	North New Guinea	Huon Gulf	North
bul	Bulgarian	Indo-European	Slavic	South	Eastern
bvr	Burarra	Australian	Gunwingguan	Burarran
bvz	Bauzi	East Geelvink Bay	Bauzi
bwq	Southern Bobo Madaré	Niger-Congo	Mande	Western	Northwestern	Soninke-Bobo	Bobo
bwu	Buli	Niger-Congo	Atlantic-Congo	Volta-Congo	North	Gur	Central	Northern	Oti-Volta	Buli-Koma
bxr	Russia Buriat	Altaic	Mongolic	Eastern	Oirat-Khalkha	Khalkha-Buriat	Buriat
byr	Baruya	Trans-New Guinea	Angan	Nuclear Angan
byx	Qaqet	East New Britain	Baining
bzd	Bribri	Chibchan	Chibchan A	Viceitic
bzh	Mapos Buang	Austronesian	Malayo-Polynesian	Central-Eastern Malayo-Polynesian	Eastern Malayo-Polynesian	Oceanic	Western Oceanic	North New Guinea	Huon Gulf	South	Hote-Buang	Buang
caa	Chortí	Mayan	Yucatecan-Core Mayan	Core Mayan	Cholan-Tzeltalan	Cholan	Chorti-Cholti
cac	San Sebastián Coatán Chuj	Mayan	Yucatecan-Core Mayan	Q’anjob’alan-Chujean	Chujean
cak	Central Cakchiquel	Mayan	Yucatecan-Core Mayan	K’ichean-Mamean	K’ichean	Poqom-K’ichean	Core K’ichean	Kaqchikel-Tz’utujil
cao	Chácobo	Panoan	Bolivian Panoan	Chákobo
cap	Chipaya	Chipaya-Uru
car	Carib	Cariban
cas	Tsimané	Mosetenan
cat	Catalan-Valencian-Balear	Indo-European	Italic	Romance	Italo-Western	Western	Gallo-Iberian	Ibero-Romance	East Iberian
cav	Cavineña	Tacanan
cax	Chiquitano	Language isolate
cbc	Carapana	Tucanoan	Eastern Tucanoan	Carapano
cbr	Cashibo-Cacataibo	Panoan	Mainline	Cashibo
cbs	Cashinahua	Panoan	Mainline	Tri-State
cbt	Chayahuita	Cahuapanan
cbu	Candoshi-Shapra	Language isolate
cbv	Cacua	Puinavean	Cacua
cce	Chopi	Niger-Congo	Atlantic-Congo	Volta-Congo	Benue-Congo	Bantoid	Southern	Narrow Bantu	Central	S	Chopi (S.61)
cco	Comaltepec Chinantec	Otomanguean	Western Otomanguean	Oto-Pame-Chinantecan	Chinantecan
ceb	Cebuano	Austronesian	Malayo-Polynesian	Philippine	Greater Central Philippine	Central Philippine	Bisayan	Cebuan
ces	Czech	Indo-European	Slavic	West	Czech-Slovak
cfm	Falam Chin	Sino-Tibetan	Tibeto-Burman	Sal	Kuki-Chin-Naga	Kuki-Chin	Central
cha	Chamorro	Austronesian	Malayo-Polynesian	Chamorro
chd	Highland Oaxaca Chontal	Tequistlatecan
che	Chechen	North Caucasian	East Caucasian	Nakh	Chechen-Ingush
chf	Tabasco Chontal	Mayan	Yucatecan-Core Mayan	Core Mayan	Cholan-Tzeltalan	Cholan	Chol-Chontal
chq	Quiotepec Chinantec	Otomanguean	Western Otomanguean	Oto-Pame-Chinantecan	Chinantecan
chr	Cherokee	Iroquoian
chu	Old Church Slavonic	Indo-European	Slavic	South	Eastern
chz	Ozumacín Chinantec	Otomanguean	Western Otomanguean	Oto-Pame-Chinantecan	Chinantecan
cjo	Ashéninka Pajonal	Maipurean	Southern	Campa	Ashéninga
cjp	Cabécar	Chibchan	Chibchan A	Viceitic
cjv	Chuave	Trans-New Guinea	Chimbu-Wahgi	Chimbu
cko	Anufo	Niger-Congo	Atlantic-Congo	Volta-Congo	Kwa	Nyo	Potou-Tano	Tano	Central	Bia	Northern
cle	Lealao Chinantec	Otomanguean	Western Otomanguean	Oto-Pame-Chinantecan	Chinantecan
cme	Cerma	Niger-Congo	Atlantic-Congo	Volta-Congo	North	Gur	Central	Southern	Kirma-Tyurama
cmn	Mandarin Chinese	Sino-Tibetan	Chinese
cnh	Haka Chin	Sino-Tibetan	Tibeto-Burman	Sal	Kuki-Chin-Naga	Kuki-Chin	Central
cni	Asháninka	Maipurean	Southern	Campa
cnl	Lalana Chinantec	Otomanguean	Western Otomanguean	Oto-Pame-Chinantecan	Chinantecan
cnt	Tepetotutla Chinantec	Otomanguean	Western Otomanguean	Oto-Pame-Chinantecan	Chinantecan
cnw	Ngawn Chin	Sino-Tibetan	Tibeto-Burman	Sal	Kuki-Chin-Naga	Kuki-Chin	Central
coe	Koreguaje	Tucanoan	Western Tucanoan
cof	Colorado	Barbacoan	Southern
cok	Santa Teresa Cora	Uto-Aztecan	Southern Uto-Aztecan	Corachol-Aztecan	Cora-Huichol	Cora
con	Cofán	Language isolate
cop	Coptic	Afro-Asiatic	Egyptian
cot	Caquinte	Maipurean	Southern	Campa	Machiguenga
cpa	Palantla Chinantec	Otomanguean	Western Otomanguean	Oto-Pame-Chinantecan	Chinantecan
cpu	Pichis Ashéninka	Maipurean	Southern	Campa	Ashéninga
crn	El Nayar Cora	Uto-Aztecan	Southern Uto-Aztecan	Corachol-Aztecan	Cora-Huichol	Cora
crx	Carrier	Eyak-Athabaskan	Athabaskan	Northern Athabaskan	Carrier
csk	Jola-Kasa	Niger-Congo	Atlantic-Congo	Atlantic	Northern	Bak	Jola	Jola Proper	Jola Central	Jola-Kasa
cso	Sochiapan Chinantec	Otomanguean	Western Otomanguean	Oto-Pame-Chinantecan	Chinantecan
csy	Siyin Chin	Sino-Tibetan	Tibeto-Burman	Sal	Kuki-Chin-Naga	Kuki-Chin	Northern
cta	Tataltepec Chatino	Otomanguean	Eastern Otomanguean	Popolocan-Zapotecan	Zapotecan	Chatino
ctp	Western Highland Chatino	Otomanguean	Eastern Otomanguean	Popolocan-Zapotecan	Zapotecan	Chatino
ctu	Tumbalá Chol	Mayan	Yucatecan-Core Mayan	Core Mayan	Cholan-Tzeltalan	Cholan	Chol-Chontal	Chol
cub	Cubeo	Tucanoan	Central Tucanoan
cuc	Usila Chinantec	Otomanguean	Western Otomanguean	Oto-Pame-Chinantecan	Chinantecan
cui	Cuiba	Guajiboan
cuk	San Blas Kuna	Chibchan	Chibchan B	Eastern Chibchan	Cuna
cut	Teutila Cuicatec	Otomanguean	Eastern Otomanguean	Amuzgo-Mixtecan	Mixtecan	Cuiatec
cux	Tepeuxila Cuicatec	Otomanguean	Eastern Otomanguean	Amuzgo-Mixtecan	Mixtecan	Cuiatec
cwt	Kuwaataay	Niger-Congo	Atlantic-Congo	Atlantic	Northern	Bak	Jola	Jola Proper	Kwatay
cya	Nopala Chatino	Otomanguean	Eastern Otomanguean	Popolocan-Zapotecan	Zapotecan	Chatino
czt	Zotung Chin	Sino-Tibetan	Tibeto-Burman	Sal	Kuki-Chin-Naga	Kuki-Chin	Maraic
daa	Dangaléat	Afro-Asiatic	Chadic	East	B	B.1	1
dah	Gwahatike	Trans-New Guinea	Finisterre-Huon	Finisterre	Warup
dan	Danish	Indo-European	Germanic	North	East Scandinavian	Danish-Swedish	Danish-Riksmal	Danish
dar	Dargwa	North Caucasian	East Caucasian	Dargi
ded	Dedua	Trans-New Guinea	Finisterre-Huon	Huon	Eastern
des	Desano	Tucanoan	Eastern Tucanoan	Desano-Siriano
deu	Standard German	Indo-European	Germanic	West	High German	German	Middle German	East Middle German
dgi	Northern Dagara	Niger-Congo	Atlantic-Congo	Volta-Congo	North	Gur	Central	Northern	Oti-Volta	Western	Northwest	Dagaari-Birifor	Dagaari
dgz	Daga	Trans-New Guinea	Southeast Papuan	Dagan
dig	Digo	Niger-Congo	Atlantic-Congo	Volta-Congo	Benue-Congo	Bantoid	Southern	Narrow Bantu	Central	E	Nyika (E.73)
dik	Southwestern Dinka	Nilo-Saharan	Eastern Sudanic	Nilotic	Western	Dinka-Nuer	Dinka
dip	Northeastern Dinka	Nilo-Saharan	Eastern Sudanic	Nilotic	Western	Dinka-Nuer	Dinka
dje	Zarma	Nilo-Saharan	Songhai	Southern
djk	Aukan	Creole	English based	Atlantic	Suriname	Ndyuka
djr	Djambarrpuyngu	Australian	Pama-Nyungan	Yuulngu	Dhuwal
dnj	Dan	Niger-Congo	Mande	Eastern	Southeastern	Guro-Tura	Tura-Dan-Mano	Tura-Dan
dob	Dobu	Austronesian	Malayo-Polynesian	Central-Eastern Malayo-Polynesian	Eastern Malayo-Polynesian	Oceanic	Western Oceanic	Papuan Tip	Nuclear	North Papuan Mainland-D’Entrecasteaux	Dobu-Duau
dop	Lukpa	Niger-Congo	Atlantic-Congo	Volta-Congo	North	Gur	Central	Southern	Grusi	Eastern
dts	Toro So Dogon	Niger-Congo	Atlantic-Congo	Volta-Congo	Dogon
dug	Duruma	Niger-Congo	Atlantic-Congo	Volta-Congo	Benue-Congo	Bantoid	Southern	Narrow Bantu	Central	E	Nyika (E.72)
dwr	Dawro	Afro-Asiatic	Omotic	North	Gonga-Gimojan	Gimojan	Ometo-Gimira	Ometo	Central
dww	Dawawa	Austronesian	Malayo-Polynesian	Central-Eastern Malayo-Polynesian	Eastern Malayo-Polynesian	Oceanic	Western Oceanic	Papuan Tip	Nuclear	North Papuan Mainland-D’Entrecasteaux	Kakabai
dyo	Jola-Fonyi	Niger-Congo	Atlantic-Congo	Atlantic	Northern	Bak	Jola	Jola Proper	Jola Central	Jola-Fonyi
dyu	Jula	Niger-Congo	Mande	Western	Central-Southwestern	Central	Manding-Jogo	Manding-Vai	Manding-Mokole	Manding	Manding-East	Northeastern Manding	Bamana
ekk	Standard Estonian	Uralic	Finnic
ell	Greek	Indo-European	Greek	Attic
emi	Mussau-Emira	Austronesian	Malayo-Polynesian	Central-Eastern Malayo-Polynesian	Eastern Malayo-Polynesian	Oceanic	St. Matthias
emp	Northern Emberá	Chocoan	Emberá	Northern Emberá
enb	Endo	Nilo-Saharan	Eastern Sudanic	Nilotic	Southern	Kalenjin	Nandi-Markweta	Markweta
eng	English	Indo-European	Germanic	West	English
enm	Middle English	NA
epo	Esperanto	Constructed language
ese	Ese Ejja	Tacanan	Chama
esi	North Alaskan Inupiatun	Eskimo-Aleut	Eskimo	Inuit-Inupiaq
esk	Northwest Alaska Inupiatun	Eskimo-Aleut	Eskimo	Inuit-Inupiaq
etr	Edolo	Trans-New Guinea	Bosavi
eus	Basque	Language isolate
ewe	Éwé	Niger-Congo	Atlantic-Congo	Volta-Congo	Kwa	Left Bank	Gbe
faa	Fasu	Trans-New Guinea	West Kutubu
fai	Faiwol	Trans-New Guinea	Ok-Awyu	Ok	Mountain
fal	South Fali	Niger-Congo	Atlantic-Congo	Volta-Congo	North	Adamawa-Ubangi	Adamawa	Fali
fij	Fijian	Austronesian	Malayo-Polynesian	Central-Eastern Malayo-Polynesian	Eastern Malayo-Polynesian	Oceanic	Central-Eastern Oceanic	Remote Oceanic	Central Pacific	East Fijian-Polynesian	East Fijian
fin	Finnish	Uralic	Finnic
for	Fore	Trans-New Guinea	Kainantu-Goroka	Gorokan	Fore
fra	French	Indo-European	Italic	Romance	Italo-Western	Western	Gallo-Iberian	Gallo-Romance	Gallo-Rhaetian	Oïl	French
fub	Adamawa Fulfulde	Niger-Congo	Atlantic-Congo	Atlantic	Northern	Senegambian	Fula-Wolof	Fula	Eastern
fuv	Nigerian Fulfulde	Niger-Congo	Atlantic-Congo	Atlantic	Northern	Senegambian	Fula-Wolof	Fula	East Central
gag	Gagauz	Altaic	Turkic	Southern	Turkish
gah	Alekano	Trans-New Guinea	Kainantu-Goroka	Gorokan	Gahuku-Benabena
gaw	Nobonob	Trans-New Guinea	Madang	Croisilles	Hanseman
gbi	Galela	West Papuan	North Halmahera	Galela-Loloda
gbo	Northern Grebo	Niger-Congo	Atlantic-Congo	Volta-Congo	Kru	Western	Grebo	Liberian
gde	Gude	Afro-Asiatic	Chadic	Biu-Mandara	A	A.8
gdn	Umanakaina	Trans-New Guinea	Southeast Papuan	Dagan
gdr	Wipi	Eastern Trans-Fly
gej	Gen	Niger-Congo	Atlantic-Congo	Volta-Congo	Kwa	Left Bank	Gbe	Mina
gfk	Patpatar	Austronesian	Malayo-Polynesian	Central-Eastern Malayo-Polynesian	Eastern Malayo-Polynesian	Oceanic	Western Oceanic	Meso Melanesian	New Ireland	South New Ireland-Northwest Solomonic	Patpatar-Tolai
ghs	Guhu-Samane	Trans-New Guinea	Greater Binanderean	Guhu-Samane
gil	Kiribati	Austronesian	Malayo-Polynesian	Central-Eastern Malayo-Polynesian	Eastern Malayo-Polynesian	Oceanic	Central-Eastern Oceanic	Remote Oceanic	Micronesian	Micronesian Proper	Ikiribati
gkn	Gokana	Niger-Congo	Atlantic-Congo	Volta-Congo	Benue-Congo	Cross River	Delta Cross	Ogoni	East
glv	Manx	Indo-European	Celtic	Insular	Goidelic
gmv	Gamo	Afro-Asiatic	Omotic	North	Gonga-Gimojan	Gimojan	Ometo-Gimira	Ometo	Central
gnd	Zulgo-Gemzek	Afro-Asiatic	Chadic	Biu-Mandara	A	A.5
gnw	Western Bolivian Guaraní	Tupian	Tupí-Guaraní	Guaraní	Guaraní	Bolivian Guaraní
gog	Gogo	Niger-Congo	Atlantic-Congo	Volta-Congo	Benue-Congo	Bantoid	Southern	Narrow Bantu	Central	G	Gogo (G.11)
gor	Gorontalo	Austronesian	Malayo-Polynesian	Philippine	Greater Central Philippine	Gorontalo-Mongondow	Gorontalic
got	Gothic	NA
grc	Ancient Greek	Indo-European	Greek	Attic
guc	Wayuu	Maipurean	Northern	Maritime	Ta-Maipurean
gug	Paraguayan Guarani	Tupian	Tupí-Guaraní	Guaraní	Guaraní
guh	Guahibo	Guajiboan	Guajibo
gui	Eastern Bolivian Guaraní	Tupian	Tupí-Guaraní	Guaraní	Guaraní	Bolivian Guaraní
guj	Gujarati	Indo-European	Indo-Iranian	Indo-Aryan	Central zone	Gujarati
gum	Guambiano	Paezan	Coconuco
gun	Mbyá Guaraní	Tupian	Tupí-Guaraní	Guaraní	Guaraní
guo	Guayabero	Guajiboan
gur	Farefare	Niger-Congo	Atlantic-Congo	Volta-Congo	North	Gur	Central	Northern	Oti-Volta	Western	Northwest
gux	Gourmanchéma	Niger-Congo	Atlantic-Congo	Volta-Congo	North	Gur	Central	Northern	Oti-Volta	Gurma
gvc	Guanano	Tucanoan	Eastern Tucanoan
gvf	Golin	Trans-New Guinea	Chimbu-Wahgi	Chimbu
gvn	Kuku-Yalanji	Australian	Pama-Nyungan	Yalandyic
gwi	Gwich'in	Eyak-Athabaskan	Athabaskan	Northern Athabaskan
gym	Ngäbere	Chibchan	Chibchan A	Guaymiíc
gyr	Guarayu	Tupian	Tupí-Guaraní	Guarayú
hag	Hanga	Niger-Congo	Atlantic-Congo	Volta-Congo	North	Gur	Central	Northern	Oti-Volta	Western	Southeast
hak	Hakka Chinese	Sino-Tibetan	Chinese
hat	Haitian Creole French	Creole	French based
hau	Hausa	Afro-Asiatic	Chadic	West	A	A.1
haw	Hawaiian	Austronesian	Malayo-Polynesian	Central-Eastern Malayo-Polynesian	Eastern Malayo-Polynesian	Oceanic	Central-Eastern Oceanic	Remote Oceanic	Central Pacific	East Fijian-Polynesian	Polynesian	Nuclear	East	Central	Marquesic
hay	Haya	Niger-Congo	Atlantic-Congo	Volta-Congo	Benue-Congo	Bantoid	Southern	Narrow Bantu	Central	J	Haya-Jita (E.22)
hbo	Ancient Hebrew	Afro-Asiatic	Semitic	Central	South	Canaanite
hch	Huichol	Uto-Aztecan	Southern Uto-Aztecan	Corachol-Aztecan	Cora-Huichol
heb	Hebrew	Afro-Asiatic	Semitic	Central	South	Canaanite
heh	Hehe	Niger-Congo	Atlantic-Congo	Volta-Congo	Benue-Congo	Bantoid	Southern	Narrow Bantu	Central	G	Bena-Kinga (G.62)
hif	Fijian Hindustani	Indo-European	Indo-Iranian	Indo-Aryan	East Central zone
hig	Kamwe	Afro-Asiatic	Chadic	Biu-Mandara	A	A.3
hil	Hiligaynon	Austronesian	Malayo-Polynesian	Philippine	Greater Central Philippine	Central Philippine	Bisayan	Central	Peripheral
hin	Hindi	Indo-European	Indo-Iranian	Indo-Aryan	Central zone	Western Hindi	Hindustani
hix	Hixkaryána	Cariban	Waiwai
hla	Halia	Austronesian	Malayo-Polynesian	Central-Eastern Malayo-Polynesian	Eastern Malayo-Polynesian	Oceanic	Western Oceanic	Meso Melanesian	New Ireland	South New Ireland-Northwest Solomonic	Nehan-North Bougainville	Buka	Halia
hlt	Nga La	Sino-Tibetan	Tibeto-Burman	Sal	Kuki-Chin-Naga	Kuki-Chin	Southern
hmo	Hiri Motu	Pidgin	Motu based
hnn	Hanunoo	Austronesian	Malayo-Polynesian	Philippine	Greater Central Philippine	South Mangyan	Hanunoo
hns	Caribbean Hindustani	Indo-European	Indo-Iranian	Indo-Aryan	Eastern zone	Bihari
hot	Hote	Austronesian	Malayo-Polynesian	Central-Eastern Malayo-Polynesian	Eastern Malayo-Polynesian	Oceanic	Western Oceanic	North New Guinea	Huon Gulf	South	Hote-Buang	Hote
hrv	Croatian	Indo-European	Slavic	South	Western
hto	Minica Huitoto	Witotoan	Proto-Huitoto-Ocaina	Early Huitoto	Proto-Minica-Murai
hub	Huambisa	Jivaroan	Jívaro
hui	Huli	Trans-New Guinea	Engan	Huli
hun	Hungarian	Uralic
hus	Veracruz Huastec	Mayan	Huastecan	Huastec
huu	Murui Huitoto	Witotoan	Proto-Huitoto-Ocaina	Early Huitoto	Proto-Minica-Murai
huv	San Mateo del Mar Huave	Huavean
hvn	Sabu	Austronesian	Malayo-Polynesian	Central-Eastern Malayo-Polynesian	Sumba-Hawu	Hawu-Dhao
hye	Armenian	Indo-European	Armenian
ian	Iatmul	Sepik	Ndu
iba	Iban	Austronesian	Malayo-Polynesian	Malayo-Chamic	Malayic	Ibanic
ibo	Igbo	Niger-Congo	Atlantic-Congo	Volta-Congo	Benue-Congo	Igboid	Igbo
ifb	Batad Ifugao	Austronesian	Malayo-Polynesian	Philippine	Northern Luzon	Meso-Cordilleran	South-Central Cordilleran	Central Cordilleran	North Central Cordilleran	Nuclear Cordilleran	Ifugaw
ifk	Tuwali Ifugao	Austronesian	Malayo-Polynesian	Philippine	Northern Luzon	Meso-Cordilleran	South-Central Cordilleran	Central Cordilleran	North Central Cordilleran	Nuclear Cordilleran	Ifugaw
ifu	Mayoyao Ifugao	Austronesian	Malayo-Polynesian	Philippine	Northern Luzon	Meso-Cordilleran	South-Central Cordilleran	Central Cordilleran	North Central Cordilleran	Nuclear Cordilleran	Ifugaw
ify	Keley-I Kallahan	Austronesian	Malayo-Polynesian	Philippine	Northern Luzon	Meso-Cordilleran	South-Central Cordilleran	Southern Cordilleran	West Southern Cordilleran	Nuclear Southern Cordilleran	Kallahan
ign	Ignaciano	Maipurean	Southern	Southern Outlier	Mojo	Mojo
ilo	Ilocano	Austronesian	Malayo-Polynesian	Philippine	Northern Luzon	Ilocano
imo	Imbongu	Trans-New Guinea	Chimbu-Wahgi	Hagen	Kaugel
inb	Inga	Quechuan	Peripheral Quechua	Chinchay	Northern Chinchay
ind	Indonesian	Austronesian	Malayo-Polynesian	Malayo-Chamic	Malayic	Malay
ino	Inoke-Yate	Trans-New Guinea	Kainantu-Goroka	Gorokan	Kamano-Yagaria
iou	Tuma-Irumu	Trans-New Guinea	Finisterre-Huon	Finisterre	Wantoat
ipi	Ipili	Trans-New Guinea	Engan	Enga
irk	Iraqw	Afro-Asiatic	Cushitic	South
iry	Iraya	Austronesian	Malayo-Polynesian	Philippine	North Mangyan
isl	Icelandic	Indo-European	Germanic	North	West Scandinavian
ita	Italian	Indo-European	Italic	Romance	Italo-Western	Italo-Dalmatian
itv	Itawit	Austronesian	Malayo-Polynesian	Philippine	Northern Luzon	Northern Cordilleran	Cagayan Valley	Ibanagic
iws	Sepik Iwam	Sepik	Iwam
ixl	San Juan Cotzal Ixil	Mayan	Yucatecan-Core Mayan	K’ichean-Mamean	Mamean	Awakateko-Ixil
izr	Izere	Niger-Congo	Atlantic-Congo	Volta-Congo	Benue-Congo	Plateau	Central	South-Central
jac	Eastern Jacalteco	Mayan	Yucatecan-Core Mayan	Q’anjob’alan-Chujean	Q’anjob’alan	Q’anjob’al-Akateko-Jakalteko
jav	Javanese	Austronesian	Malayo-Polynesian	Javanese
jbu	Jukun Takum	Niger-Congo	Atlantic-Congo	Volta-Congo	Benue-Congo	Jukunoid	Central	Jukun-Mbembe-Wurbo	Jukun
jic	Tol	Jicaquean
jiv	Shuar	Jivaroan	Jívaro
jmc	Machame	Niger-Congo	Atlantic-Congo	Volta-Congo	Benue-Congo	Bantoid	Southern	Narrow Bantu	Central	E	Chaga (E.62)
jpn	Japanese	Japonic
jvn	Caribbean Javanese	Austronesian	Malayo-Polynesian	Javanese
kaa	Karakalpak	Altaic	Turkic	Western	Aralo-Caspian
kab	Kabyle	Afro-Asiatic	Berber	Northern	Kabyle
kac	Jingpho	Sino-Tibetan	Tibeto-Burman	Sal	Jingpho-Luish	Jingpho
kal	Greenlandic Inuktitut	Eskimo-Aleut	Eskimo	Inuit-Inupiaq
kan	Kannada	Dravidian	Southern	Tamil-Kannada	Kannada
kao	Xaasongaxango	Niger-Congo	Mande	Western	Central-Southwestern	Central	Manding-Jogo	Manding-Vai	Manding-Mokole	Manding	Manding-West
kaq	Capanahua	Panoan	Mainline	Shipibo
kat	Georgian	Kartvelian	Georgian
kaz	Kazakh	Altaic	Turkic	Western	Aralo-Caspian
kbh	Camsá	Language isolate
kbm	Iwal	Austronesian	Malayo-Polynesian	Central-Eastern Malayo-Polynesian	Eastern Malayo-Polynesian	Oceanic	Western Oceanic	North New Guinea	Huon Gulf	South	Kaiwa
kbp	Kabiyé	Niger-Congo	Atlantic-Congo	Volta-Congo	North	Gur	Central	Southern	Grusi	Eastern
kek	Kekchí	Mayan	Yucatecan-Core Mayan	K’ichean-Mamean	K’ichean
ken	Kenyang	Niger-Congo	Atlantic-Congo	Volta-Congo	Benue-Congo	Bantoid	Southern	Mamfe
kew	West Kewa	Trans-New Guinea	Engan	Angal-Kewa
kez	Kukele	Niger-Congo	Atlantic-Congo	Volta-Congo	Benue-Congo	Cross River	Delta Cross	Upper Cross	Central	North-South	Koring-Kukele	Kukele
kgf	Kube	Trans-New Guinea	Finisterre-Huon	Huon	Eastern
kgk	Kaiwá	Tupian	Tupí-Guaraní	Guaraní	Guaraní
kgp	Kaingáng	Jean	Southern	Kaingang
khm	Central Khmer	Austro-Asiatic	Mon-Khmer	Eastern Mon-Khmer	Khmer
khz	Keapara	Austronesian	Malayo-Polynesian	Central-Eastern Malayo-Polynesian	Eastern Malayo-Polynesian	Oceanic	Western Oceanic	Papuan Tip	Peripheral	Central Papuan	Sinagoro-Keapara
kjb	Eastern Kanjobal	Mayan	Yucatecan-Core Mayan	Q’anjob’alan-Chujean	Q’anjob’alan	Q’anjob’al-Akateko-Jakalteko
kjs	East Kewa	Trans-New Guinea	Engan	Angal-Kewa
kki	Kagulu	Niger-Congo	Atlantic-Congo	Volta-Congo	Benue-Congo	Bantoid	Southern	Narrow Bantu	Central	G	Gogo (G.12)
kkj	Kako	Niger-Congo	Atlantic-Congo	Volta-Congo	Benue-Congo	Bantoid	Southern	Narrow Bantu	Northwest	A	Kako (A.93)
kma	Konni	Niger-Congo	Atlantic-Congo	Volta-Congo	North	Gur	Central	Northern	Oti-Volta	Buli-Koma
kmg	Kâte	Trans-New Guinea	Finisterre-Huon	Huon	Eastern
kmh	Kalam	Trans-New Guinea	Madang	Kalam-Kobon
kmo	Kwoma	Sepik	Nukuma
kmr	Northern Kurdish	Indo-European	Indo-Iranian	Iranian	Western	Northwestern	Kurdish
kms	Kamasau	Torricelli	Marienberg
kmu	Kanite	Trans-New Guinea	Kainantu-Goroka	Gorokan	Kamano-Yagaria
kng	Koongo	Niger-Congo	Atlantic-Congo	Volta-Congo	Benue-Congo	Bantoid	Southern	Narrow Bantu	Central	H	Kongo (H.16)
knj	Western Kanjobal	Mayan	Yucatecan-Core Mayan	Q’anjob’alan-Chujean	Q’anjob’alan	Q’anjob’al-Akateko-Jakalteko
knk	Kuranko	Niger-Congo	Mande	Western	Central-Southwestern	Central	Manding-Jogo	Manding-Vai	Manding-Mokole	Mokole
kno	Kono	Niger-Congo	Mande	Western	Central-Southwestern	Central	Manding-Jogo	Manding-Vai	Vai-Kono
knv	Tabo	South-Central Papuan	Waia
kor	Korean	Language isolate
kpf	Komba	Trans-New Guinea	Finisterre-Huon	Huon	Western
kpg	Kapingamarangi	Austronesian	Malayo-Polynesian	Central-Eastern Malayo-Polynesian	Eastern Malayo-Polynesian	Oceanic	Central-Eastern Oceanic	Remote Oceanic	Central Pacific	East Fijian-Polynesian	Polynesian	Nuclear	Samoic-Outlier	Ellicean
kpj	Karajá	Karajá
kpr	Korafe	Trans-New Guinea	Greater Binanderean	Binanderean	Nuclear Binanderean	South Binanderean	Coastal Binanderean	Gaena-Korafe
kpv	Komi-Zyrian	Uralic	Permian	Komi
kpw	Kobon	Trans-New Guinea	Madang	Kalam-Kobon
kpx	Mountain Koiali	Trans-New Guinea	Southeast Papuan	Koiarian	Koiaric
kqc	Doromu	Trans-New Guinea	Southeast Papuan	Manubaran
kqf	Kakabai	Austronesian	Malayo-Polynesian	Central-Eastern Malayo-Polynesian	Eastern Malayo-Polynesian	Oceanic	Western Oceanic	Papuan Tip	Nuclear	North Papuan Mainland-D’Entrecasteaux	Kakabai
kqp	Kimré	Afro-Asiatic	Chadic	East	A	A.2	1
kqw	Kandas	Austronesian	Malayo-Polynesian	Central-Eastern Malayo-Polynesian	Eastern Malayo-Polynesian	Oceanic	Western Oceanic	Meso Melanesian	New Ireland	South New Ireland-Northwest Solomonic	Patpatar-Tolai
krc	Karachay-Balkar	Altaic	Turkic	Western	Ponto-Caspian
kri	Krio	Creole	English based	Atlantic	Krio
krj	Kinaray-A	Austronesian	Malayo-Polynesian	Philippine	Greater Central Philippine	Central Philippine	Bisayan	West	Kinarayan
ksr	Borong	Trans-New Guinea	Finisterre-Huon	Huon	Eastern
kto	Kuot	Language isolate
kub	Kutep	Niger-Congo	Atlantic-Congo	Volta-Congo	Benue-Congo	Jukunoid	Yukuben-Kuteb
kud	'Auhelawa	Austronesian	Malayo-Polynesian	Central-Eastern Malayo-Polynesian	Eastern Malayo-Polynesian	Oceanic	Western Oceanic	Papuan Tip	Nuclear	Suauic
kue	Kuman	Trans-New Guinea	Chimbu-Wahgi	Chimbu
kum	Kumyk	Altaic	Turkic	Western	Ponto-Caspian
kup	Kunimaipa	Trans-New Guinea	Southeast Papuan	Goilalan	Kunimaipa
kus	Kusaal	Niger-Congo	Atlantic-Congo	Volta-Congo	North	Gur	Central	Northern	Oti-Volta	Western	Southeast
kvn	Border Kuna	Chibchan	Chibchan B	Eastern Chibchan	Cuna
kwf	Kwara'ae	Austronesian	Malayo-Polynesian	Central-Eastern Malayo-Polynesian	Eastern Malayo-Polynesian	Oceanic	Central-Eastern Oceanic	Southeast Solomonic	Malaita-San Cristobal	Malaita	Northern
kwi	Awa-Cuaiquer	Barbacoan	Northern
kwj	Kwanga	Sepik	Nukuma
kxm	Northern Khmer	Austro-Asiatic	Mon-Khmer	Eastern Mon-Khmer	Khmer
kyc	Kyaka	Trans-New Guinea	Engan	Enga
kyg	Keyagana	Trans-New Guinea	Kainantu-Goroka	Gorokan	Kamano-Yagaria
kyq	Kenga	Nilo-Saharan	Central Sudanic	West	Bongo-Bagirmi	Sara-Bagirmi	Bagirmi
kyz	Kayabí	Tupian	Tupí-Guaraní	Kayabí
kze	Kosena	Trans-New Guinea	Kainantu-Goroka	Kainantu	Gadsup-Auyana-Awa
kzf	Da'a Kaili	Austronesian	Malayo-Polynesian	Celebic	Kaili-Pamona	Northern	Kaili
lac	Lacandon	Mayan	Yucatecan-Core Mayan	Yucatecan	Yucatec-Lacandon
las	Lama	Niger-Congo	Atlantic-Congo	Volta-Congo	North	Gur	Central	Southern	Grusi	Eastern
lat	Latin	Indo-European	Italic	Latino-Faliscan
lcm	Tungag	Austronesian	Malayo-Polynesian	Central-Eastern Malayo-Polynesian	Eastern Malayo-Polynesian	Oceanic	Western Oceanic	Meso Melanesian	New Ireland	Lavongai-Nalik
ldi	Laari	Niger-Congo	Atlantic-Congo	Volta-Congo	Benue-Congo	Bantoid	Southern	Narrow Bantu	Central	H	Kongo (H.111)
lee	Lyélé	Niger-Congo	Atlantic-Congo	Volta-Congo	North	Gur	Central	Southern	Grusi	Northern
lef	Lelemi	Niger-Congo	Atlantic-Congo	Volta-Congo	Kwa	Nyo	Potou-Tano	Lelemi	Lelemi-Akpafu
lem	Nomaande	Niger-Congo	Atlantic-Congo	Volta-Congo	Benue-Congo	Bantoid	Southern	Mbam	West (A.46)
leu	Kara	Austronesian	Malayo-Polynesian	Central-Eastern Malayo-Polynesian	Eastern Malayo-Polynesian	Oceanic	Western Oceanic	Meso Melanesian	New Ireland	Lavongai-Nalik
lew	Ledo Kaili	Austronesian	Malayo-Polynesian	Celebic	Kaili-Pamona	Northern	Kaili
lhu	Lahu	Sino-Tibetan	Tibeto-Burman	Ngwi-Burmese	Ngwi	Central
lia	West-Central Limba	Niger-Congo	Atlantic-Congo	Atlantic	Southern	Limba
lid	Nyindrou	Austronesian	Malayo-Polynesian	Central-Eastern Malayo-Polynesian	Eastern Malayo-Polynesian	Oceanic	Admiralty Islands	Eastern	Manus	West
lif	Limbu	Sino-Tibetan	Tibeto-Burman	Western Tibeto-Burman	Himalayan	Kiranti	Eastern
lit	Lithuanian	Indo-European	Baltic	Eastern
ljp	Lampung	Austronesian	Malayo-Polynesian	Lampung
lvs	Standard Latvian	Indo-European	Baltic	Eastern
lwo	Luwo	Nilo-Saharan	Eastern Sudanic	Nilotic	Western	Luo	Northern	Jur
maa	San Jerónimo Tecóatl Mazatec	Otomanguean	Eastern Otomanguean	Popolocan-Zapotecan	Popolocan	Mazatec
mad	Madura	Austronesian	Malayo-Polynesian	Madurese
mah	Marshallese	Austronesian	Malayo-Polynesian	Central-Eastern Malayo-Polynesian	Eastern Malayo-Polynesian	Oceanic	Central-Eastern Oceanic	Remote Oceanic	Micronesian	Micronesian Proper	Marshallese
mai	Maithili	Indo-European	Indo-Iranian	Indo-Aryan	Eastern zone	Bihari
mak	Makasar	Austronesian	Malayo-Polynesian	South Sulawesi	Makassar
mal	Malayalam	Dravidian	Southern	Tamil-Kannada	Tamil-Kodagu	Tamil-Malayalam	Malayalam
mam	Northern Mam	Mayan	Yucatecan-Core Mayan	K’ichean-Mamean	Mamean	Teco-Mam
maq	Chiquihuitlán Mazatec	Otomanguean	Eastern Otomanguean	Popolocan-Zapotecan	Popolocan	Mazatec
mar	Marathi	Indo-European	Indo-Iranian	Indo-Aryan	Southern zone
mau	Huautla Mazatec	Otomanguean	Eastern Otomanguean	Popolocan-Zapotecan	Popolocan	Mazatec
mav	Sateré-Mawé	Tupian
maw	Mampruli	Niger-Congo	Atlantic-Congo	Volta-Congo	North	Gur	Central	Northern	Oti-Volta	Western	Southeast
maz	Mazahua Central	Otomanguean	Western Otomanguean	Oto-Pame-Chinantecan	Oto-Pamean	Mazahua
mbb	Western Bukidnon Manobo	Austronesian	Malayo-Polynesian	Philippine	Greater Central Philippine	Manobo	Central	West
mbf	Baba Malay	Creole	Malay based
mbl	Maxakalí	Maxakalian
mbt	Matigsalug Manobo	Austronesian	Malayo-Polynesian	Philippine	Greater Central Philippine	Manobo	Central	South	Ata-Tigwa
mcb	Machiguenga	Maipurean	Southern	Campa	Machiguenga
mco	Coatlán Mixe	Mixe-Zoquean	Mixean	Oaxaca Mixean	Lowland Mixe
mcq	Ese	Trans-New Guinea	Southeast Papuan	Koiarian	Baraic
mcu	Cameroon Mambila	Niger-Congo	Atlantic-Congo	Volta-Congo	Benue-Congo	Bantoid	Northern	Mambiloid	Mambila-Konja	Mambila
mda	Mada	Niger-Congo	Atlantic-Congo	Volta-Congo	Benue-Congo	Plateau	Western	Southwestern	A
med	Melpa	Trans-New Guinea	Chimbu-Wahgi	Hagen	Melpa
mee	Mengen	Austronesian	Malayo-Polynesian	Central-Eastern Malayo-Polynesian	Eastern Malayo-Polynesian	Oceanic	Western Oceanic	North New Guinea	Ngero-Vitiaz	Vitiaz	Mengen
mej	Meyah	East Bird’s Head-Sentani	East Bird’s Head	Meax
mek	Mekeo	Austronesian	Malayo-Polynesian	Central-Eastern Malayo-Polynesian	Eastern Malayo-Polynesian	Oceanic	Western Oceanic	Papuan Tip	Peripheral	Central Papuan	West Central Papuan	Nuclear
men	Mende	Niger-Congo	Mande	Western	Central-Southwestern	Southwestern	Mende-Loma	Mende-Bandi	Mende-Loko
mfh	Matal	Afro-Asiatic	Chadic	Biu-Mandara	A	A.5
mfi	Wandala	Afro-Asiatic	Chadic	Biu-Mandara	A	A.4	Mandara Proper	Mandara
mfq	Moba	Niger-Congo	Atlantic-Congo	Volta-Congo	North	Gur	Central	Northern	Oti-Volta	Gurma	Moba
mfz	Mabaan	Nilo-Saharan	Eastern Sudanic	Nilotic	Western	Luo	Northern	Mabaan-Burun	Mabaan
mhl	Mauwake	Trans-New Guinea	Madang	Croisilles	Pihom	Kumilan
mhr	Eastern Mari	Uralic	Mari
mhx	Maru	Sino-Tibetan	Tibeto-Burman	Ngwi-Burmese	Burmish	Northern
mhy	Ma'anyan	Austronesian	Malayo-Polynesian	Greater Barito	East	Central-South	South
mib	Atatláhuca Mixtec	Otomanguean	Eastern Otomanguean	Amuzgo-Mixtecan	Mixtecan	Mixtec
mie	Ocotepec Mixtec	Otomanguean	Eastern Otomanguean	Amuzgo-Mixtecan	Mixtecan	Mixtec
mif	Mofu-Gudur	Afro-Asiatic	Chadic	Biu-Mandara	A	A.5
mig	San Miguel el Grande Mixtec	Otomanguean	Eastern Otomanguean	Amuzgo-Mixtecan	Mixtecan	Mixtec
mih	Chayuco Mixtec	Otomanguean	Eastern Otomanguean	Amuzgo-Mixtecan	Mixtecan	Mixtec
mil	Peñoles Mixtec	Otomanguean	Eastern Otomanguean	Amuzgo-Mixtecan	Mixtecan	Mixtec
min	Minangkabau	Austronesian	Malayo-Polynesian	Malayo-Chamic	Malayic	Malay
mio	Pinotepa Nacional Mixtec	Otomanguean	Eastern Otomanguean	Amuzgo-Mixtecan	Mixtecan	Mixtec
mir	Isthmus Mixe	Mixe-Zoquean	Mixean	Oaxaca Mixean	Lowland Mixe
mit	Southern Puebla Mixtec	Otomanguean	Eastern Otomanguean	Amuzgo-Mixtecan	Mixtecan	Mixtec
miz	Coatzospan Mixtec	Otomanguean	Eastern Otomanguean	Amuzgo-Mixtecan	Mixtecan	Mixtec
mjc	San Juan Colorado Mixtec	Otomanguean	Eastern Otomanguean	Amuzgo-Mixtecan	Mixtecan	Mixtec
mks	Silacayoapan Mixtec	Otomanguean	Eastern Otomanguean	Amuzgo-Mixtecan	Mixtecan	Mixtec
mlh	Mape	Trans-New Guinea	Finisterre-Huon	Huon	Eastern
mlp	Bargam	Trans-New Guinea	Madang	Croisilles	Mugil
mlt	Maltese	Afro-Asiatic	Semitic	Central	South	Arabic
mmo	Mangga Buang	Austronesian	Malayo-Polynesian	Central-Eastern Malayo-Polynesian	Eastern Malayo-Polynesian	Oceanic	Western Oceanic	North New Guinea	Huon Gulf	South	Hote-Buang	Buang
mmx	Madak	Austronesian	Malayo-Polynesian	Central-Eastern Malayo-Polynesian	Eastern Malayo-Polynesian	Oceanic	Western Oceanic	Meso Melanesian	New Ireland	Madak
mna	Mbula	Austronesian	Malayo-Polynesian	Central-Eastern Malayo-Polynesian	Eastern Malayo-Polynesian	Oceanic	Western Oceanic	North New Guinea	Ngero-Vitiaz	Vitiaz	Mangap-Mbula
mnb	Muna	Austronesian	Malayo-Polynesian	Celebic	Eastern	Southeastern	Muna-Buton	Nuclear Muna-Buton	Munan	Munic	Western
mnf	Mundani	Niger-Congo	Atlantic-Congo	Volta-Congo	Benue-Congo	Bantoid	Southern	Wide Grassfields	Narrow Grassfields	Momo
mnh	Mono	Niger-Congo	Atlantic-Congo	Volta-Congo	North	Adamawa-Ubangi	Ubangi	Banda	Central	Central Core	Mid-Southern
mnk	Mandinka	Niger-Congo	Mande	Western	Central-Southwestern	Central	Manding-Jogo	Manding-Vai	Manding-Mokole	Manding	Manding-West
mnx	Manikion	East Bird’s Head-Sentani	East Bird’s Head	Mantion
mog	Mongondow	Austronesian	Malayo-Polynesian	Philippine	Greater Central Philippine	Gorontalo-Mongondow	Mongondowic
mop	Mopán Maya	Mayan	Yucatecan-Core Mayan	Yucatecan	Mopan-Itzá
mos	Mòoré	Niger-Congo	Atlantic-Congo	Volta-Congo	North	Gur	Central	Northern	Oti-Volta	Western	Northwest
mox	Molima	Austronesian	Malayo-Polynesian	Central-Eastern Malayo-Polynesian	Eastern Malayo-Polynesian	Oceanic	Western Oceanic	Papuan Tip	Nuclear	North Papuan Mainland-D’Entrecasteaux	Bwaidoga
mpm	Yosondúa Mixtec	Otomanguean	Eastern Otomanguean	Amuzgo-Mixtecan	Mixtecan	Mixtec
mps	Dadibi	Trans-New Guinea	Teberan
mpt	Mian	Trans-New Guinea	Ok-Awyu	Ok	Mountain
mpx	Misima-Paneati	Austronesian	Malayo-Polynesian	Central-Eastern Malayo-Polynesian	Eastern Malayo-Polynesian	Oceanic	Western Oceanic	Papuan Tip	Peripheral	Kilivila-Louisiades	Misima
mqb	Mbuko	Afro-Asiatic	Chadic	Biu-Mandara	A	A.5
mri	Maori	Austronesian	Malayo-Polynesian	Central-Eastern Malayo-Polynesian	Eastern Malayo-Polynesian	Oceanic	Central-Eastern Oceanic	Remote Oceanic	Central Pacific	East Fijian-Polynesian	Polynesian	Nuclear	East	Central	Tahitic
msm	Agusan Manobo	Austronesian	Malayo-Polynesian	Philippine	Greater Central Philippine	Manobo	Central	East
msy	Aruamu	Ramu-Lower Sepik	Ramu	Mikarew
mta	Cotabato Manobo	Austronesian	Malayo-Polynesian	Philippine	Greater Central Philippine	Manobo	South
mti	Maiwa	Trans-New Guinea	Southeast Papuan	Dagan
mtj	Moskona	East Bird’s Head-Sentani	East Bird’s Head	Meax
mto	Totontepec Mixe	Mixe-Zoquean	Mixean	Oaxaca Mixean
muh	Mündü	Niger-Congo	Atlantic-Congo	Volta-Congo	North	Adamawa-Ubangi	Ubangi	Sere-Ngbaka-Mba	Ngbaka-Mba	Ngbaka	Eastern	Mundu
mur	Murle	Nilo-Saharan	Eastern Sudanic	Eastern	Surmic	South	Southwest	Didinga-Murle	Murle
mux	Mbo-Ung	Trans-New Guinea	Chimbu-Wahgi	Hagen	Kaugel
mva	Manam	Austronesian	Malayo-Polynesian	Central-Eastern Malayo-Polynesian	Eastern Malayo-Polynesian	Oceanic	Western Oceanic	North New Guinea	Schouten	Kairiru-Manam	Manam
mvp	Duri	Austronesian	Malayo-Polynesian	South Sulawesi	Northern	Masenrempulu
mwc	Are	Austronesian	Malayo-Polynesian	Central-Eastern Malayo-Polynesian	Eastern Malayo-Polynesian	Oceanic	Western Oceanic	Papuan Tip	Nuclear	North Papuan Mainland-D’Entrecasteaux	Are-Taupota	Are
mwq	Mün Chin	Sino-Tibetan	Tibeto-Burman	Sal	Kuki-Chin-Naga	Kuki-Chin	Southern
mwv	Mentawai	Austronesian	Malayo-Polynesian	Northwest Sumatra-Barrier Islands
mxb	Tezoatlán Mixtec	Otomanguean	Eastern Otomanguean	Amuzgo-Mixtecan	Mixtecan	Mixtec
mxp	Tlahuitoltepec Mixe	Mixe-Zoquean	Mixean	Oaxaca Mixean	South Highland Mixe
mxq	Juquila Mixe	Mixe-Zoquean	Mixean	Oaxaca Mixean	Midland Mixe
mxt	Jamiltepec Mixtec	Otomanguean	Eastern Otomanguean	Amuzgo-Mixtecan	Mixtecan	Mixtec
mya	Burmese	Sino-Tibetan	Tibeto-Burman	Ngwi-Burmese	Burmish	Southern
myk	Mamara Senoufo	Niger-Congo	Atlantic-Congo	Volta-Congo	North	Gur	Senufo	Suppire-Mamara
myu	Mundurukú	Tupian	Mundurukú
myv	Erzya	Uralic	Mordvin
myw	Muyuw	Austronesian	Malayo-Polynesian	Central-Eastern Malayo-Polynesian	Eastern Malayo-Polynesian	Oceanic	Western Oceanic	Papuan Tip	Peripheral	Kilivila-Louisiades	Kilivila
myy	Macuna	Tucanoan	Eastern Tucanoan
mzk	Nigeria Mambila	Niger-Congo	Atlantic-Congo	Volta-Congo	Benue-Congo	Bantoid	Northern	Mambiloid	Mambila-Konja	Mambila
mzm	Mumuye	Niger-Congo	Atlantic-Congo	Volta-Congo	North	Adamawa-Ubangi	Adamawa	Leko-Nimbari	Mumuye-Yandang	Mumuye
mzw	Deg	Niger-Congo	Atlantic-Congo	Volta-Congo	North	Gur	Central	Southern	Grusi	Western
mzz	Maiadomu	Austronesian	Malayo-Polynesian	Central-Eastern Malayo-Polynesian	Eastern Malayo-Polynesian	Oceanic	Western Oceanic	Papuan Tip	Nuclear	North Papuan Mainland-D’Entrecasteaux	Bwaidoga
nab	Southern Nambikuára	Nambiquaran	Mamaindê
naf	Nabak	Trans-New Guinea	Finisterre-Huon	Huon	Western
nak	Nakanai	Austronesian	Malayo-Polynesian	Central-Eastern Malayo-Polynesian	Eastern Malayo-Polynesian	Oceanic	Western Oceanic	Meso Melanesian	Willaumez
nan	Min Nan Chinese	Sino-Tibetan	Chinese
nas	Naasioi	South Bougainville	Nasioi
nca	Iyo	Trans-New Guinea	Finisterre-Huon	Finisterre	Gusap-Mot
nch	Central Huasteca Nahuatl	Uto-Aztecan	Southern Uto-Aztecan	Corachol-Aztecan	Core Nahua	Nahuatl
ncj	Northern Puebla Nahuatl	Uto-Aztecan	Southern Uto-Aztecan	Corachol-Aztecan	Core Nahua	Nahuatl
ncl	Michoacán Nahuatl	Uto-Aztecan	Southern Uto-Aztecan	Corachol-Aztecan	Core Nahua	Nahuatl
ncu	Chumburung	Niger-Congo	Atlantic-Congo	Volta-Congo	Kwa	Nyo	Potou-Tano	Tano	Guang	North Guang
nds	Low Saxon	Indo-European	Germanic	West	Low Saxon-Low Franconian	Low Saxon
ndz	Ndogo	Niger-Congo	Atlantic-Congo	Volta-Congo	North	Adamawa-Ubangi	Ubangi	Sere-Ngbaka-Mba	Sere	Sere-Bviri	Ndogo-Sere
neb	Toura	Niger-Congo	Mande	Eastern	Southeastern	Guro-Tura	Tura-Dan-Mano	Tura-Dan
nfr	Nafaanra	Niger-Congo	Atlantic-Congo	Volta-Congo	North	Gur	Senufo	Nafaanra
ngu	Guerrero Nahuatl	Uto-Aztecan	Southern Uto-Aztecan	Corachol-Aztecan	Core Nahua	Nahuatl
nhe	Eastern Huasteca Nahuatl	Uto-Aztecan	Southern Uto-Aztecan	Corachol-Aztecan	Core Nahua	Nahuatl
nhg	Tetelcingo Nahuatl	Uto-Aztecan	Southern Uto-Aztecan	Corachol-Aztecan	Core Nahua	Nahuatl
nhi	Tenango Nahuatl	Uto-Aztecan	Southern Uto-Aztecan	Corachol-Aztecan	Core Nahua	Nahuatl
nhu	Noone	Niger-Congo	Atlantic-Congo	Volta-Congo	Benue-Congo	Bantoid	Southern	Beboid
nhw	Western Huasteca Nahuatl	Uto-Aztecan	Southern Uto-Aztecan	Corachol-Aztecan	Core Nahua	Nahuatl
nhy	Northern Oaxaca Nahuatl	Uto-Aztecan	Southern Uto-Aztecan	Corachol-Aztecan	Core Nahua	Nahuatl
nia	Nias	Austronesian	Malayo-Polynesian	Northwest Sumatra-Barrier Islands	Nias
nif	Nek	Trans-New Guinea	Finisterre-Huon	Finisterre	Erap
nii	Nii	Trans-New Guinea	Chimbu-Wahgi	Wahgi
nij	Ngaju	Austronesian	Malayo-Polynesian	Greater Barito	West	South
nim	Nilamba	Niger-Congo	Atlantic-Congo	Volta-Congo	Benue-Congo	Bantoid	Southern	Narrow Bantu	Central	F	Nyilamba-Langi (F.31)
nko	Nkonya	Niger-Congo	Atlantic-Congo	Volta-Congo	Kwa	Nyo	Potou-Tano	Tano	Guang	North Guang
nlc	Nalca	Trans-New Guinea	Mek	Eastern
nld	Dutch	Indo-European	Germanic	West	Low Saxon-Low Franconian	Low Franconian
nnw	Southern Nuni	Niger-Congo	Atlantic-Congo	Volta-Congo	North	Gur	Central	Southern	Grusi	Northern
noa	Woun Meu	Chocoan
nop	Numanggang	Trans-New Guinea	Finisterre-Huon	Finisterre	Erap
nor	Norwegian	Indo-European	Germanic	North	East Scandinavian	Danish-Swedish	Danish-Bokmal
nou	Ewage-Notu	Trans-New Guinea	Greater Binanderean	Binanderean	Nuclear Binanderean	South Binanderean	Coastal Binanderean	Notu
npl	Nahuatl, Southeastern Puebla	Uto-Aztecan	Southern Uto-Aztecan	Corachol-Aztecan	Core Nahua	Nahuatl
npy	Napu	Austronesian	Malayo-Polynesian	Celebic	Kaili-Pamona	Southern	Badaic
nsn	Nehan	Austronesian	Malayo-Polynesian	Central-Eastern Malayo-Polynesian	Eastern Malayo-Polynesian	Oceanic	Western Oceanic	Meso Melanesian	New Ireland	South New Ireland-Northwest Solomonic	Nehan-North Bougainville	Nehan
nss	Nali	Austronesian	Malayo-Polynesian	Central-Eastern Malayo-Polynesian	Eastern Malayo-Polynesian	Oceanic	Admiralty Islands	Eastern	Manus	East
ntp	Northern Tepehuan	Uto-Aztecan	Southern Uto-Aztecan	Pimic	Tepehuan
ntr	Delo	Niger-Congo	Atlantic-Congo	Volta-Congo	North	Gur	Central	Southern	Grusi	Eastern
nus	Nuer	Nilo-Saharan	Eastern Sudanic	Nilotic	Western	Dinka-Nuer	Nuer
nvm	Namiae	Trans-New Guinea	Southeast Papuan	Koiarian	Baraic
nya	Nyanja	Niger-Congo	Atlantic-Congo	Volta-Congo	Benue-Congo	Bantoid	Southern	Narrow Bantu	Central	N	Nyanja (N.31)
nyf	Giryama	Niger-Congo	Atlantic-Congo	Volta-Congo	Benue-Congo	Bantoid	Southern	Narrow Bantu	Central	E	Nyika (E.72)
nyy	Nyakyusa-Ngonde	Niger-Congo	Atlantic-Congo	Volta-Congo	Benue-Congo	Bantoid	Southern	Narrow Bantu	Central	M	Nyakyusa (M.31)
ojs	Severn Ojibwa	Algic	Algonquian	Ojibwa-Potawatomi
okv	Orokaiva	Trans-New Guinea	Greater Binanderean	Binanderean	Nuclear Binanderean	South Binanderean	Orokaivan
old	Mochi	Niger-Congo	Atlantic-Congo	Volta-Congo	Benue-Congo	Bantoid	Southern	Narrow Bantu	Central	E	Chaga (E.62)
omw	South Tairora	Trans-New Guinea	Kainantu-Goroka	Kainantu	Tairora
ong	Olo	Torricelli	Wapei-Palei	Wapei
ood	Tohono O'odham	Uto-Aztecan	Southern Uto-Aztecan	Pimic
opm	Oksapmin	Trans-New Guinea	Oksapmin
ory	Oriya	Indo-European	Indo-Iranian	Indo-Aryan	Eastern zone	Oriya
oss	Osetin	Indo-European	Indo-Iranian	Iranian	Eastern	Northeastern
ote	Mezquital Otomi	Otomanguean	Western Otomanguean	Oto-Pame-Chinantecan	Oto-Pamean	Otomi
otm	Eastern Highland Otomi	Otomanguean	Western Otomanguean	Oto-Pame-Chinantecan	Oto-Pamean	Otomi
otn	Tenango Otomi	Otomanguean	Western Otomanguean	Oto-Pame-Chinantecan	Oto-Pamean	Otomi
otq	Querétaro Otomi	Otomanguean	Western Otomanguean	Oto-Pame-Chinantecan	Oto-Pamean	Otomi
ozm	Koonzime	Niger-Congo	Atlantic-Congo	Volta-Congo	Benue-Congo	Bantoid	Southern	Narrow Bantu	Northwest	A	Makaa-Njem (A.84)
pab	Parecís	Maipurean	Southern	Central	Paresí
pad	Paumarí	Arauan
pag	Pangasinan	Austronesian	Malayo-Polynesian	Philippine	Northern Luzon	Meso-Cordilleran	South-Central Cordilleran	Southern Cordilleran	West Southern Cordilleran
pah	Tenharim	Tupian	Tupí-Guaraní	Kawahib	Parintintin
pam	Pampangan	Austronesian	Malayo-Polynesian	Philippine	Central Luzon	Pampangan
pan	Eastern Panjabi	Indo-European	Indo-Iranian	Indo-Aryan	Central zone	Panjabi
pao	Northern Paiute	Uto-Aztecan	Northern Uto-Aztecan	Numic	Western
pbb	Páez	Paezan	Paezan
pbc	Patamona	Cariban	North Amazonian	Pemón	Pemón proper	Kapong
pbi	Parkwa	Afro-Asiatic	Chadic	Biu-Mandara	A	A.4	Mandara Proper	Podoko
pes	Western Farsi	Indo-European	Indo-Iranian	Iranian	Western	Southwestern	Persian
pib	Yine	Maipurean	Southern	Southern Outlier	Piro	Piro
pir	Piratapuyo	Tucanoan	Eastern Tucanoan
pis	Pijin	Creole	English based	Pacific
pkb	Upper Pokomo	Niger-Congo	Atlantic-Congo	Volta-Congo	Benue-Congo	Bantoid	Southern	Narrow Bantu	Central	E	Nyika (E.71)
pls	San Marcos Tlalcoyalco Popoloca	Otomanguean	Eastern Otomanguean	Popolocan-Zapotecan	Popolocan	Popoloca
plt	Plateau Malagasy	Austronesian	Malayo-Polynesian	Greater Barito	East	Malagasy
pmf	Pamona	Austronesian	Malayo-Polynesian	Celebic	Kaili-Pamona	Northern	Pamona
poe	San Juan Atzingo Popoloca	Otomanguean	Eastern Otomanguean	Popolocan-Zapotecan	Popolocan	Popoloca
poh	Eastern Pokomchí	Mayan	Yucatecan-Core Mayan	K’ichean-Mamean	K’ichean	Poqom-K’ichean	Poqom	Poqomchi’
poi	Highland Popoluca	Mixe-Zoquean	Zoquean	Gulf Zoquean
pol	Polish	Indo-European	Slavic	West	Lechitic
por	Portuguese	Indo-European	Italic	Romance	Italo-Western	Western	Gallo-Iberian	Ibero-Romance	West Iberian	Portuguese-Galician
pot	Potawatomi	Algic	Algonquian	Ojibwa-Potawatomi
ppk	Uma	Austronesian	Malayo-Polynesian	Celebic	Kaili-Pamona	Southern
ppo	Folopa	Trans-New Guinea	Teberan
prs	Eastern Farsi	Indo-European	Indo-Iranian	Iranian	Western	Southwestern	Persian
pse	Pasemah	Austronesian	Malayo-Polynesian	Malayo-Chamic	Malayic	Malay
ptp	Patep	Austronesian	Malayo-Polynesian	Central-Eastern Malayo-Polynesian	Eastern Malayo-Polynesian	Oceanic	Western Oceanic	North New Guinea	Huon Gulf	South	Hote-Buang	Buang	Mumeng
ptu	Bambam	Austronesian	Malayo-Polynesian	South Sulawesi	Northern	Pitu Ulunna Salu
pwg	Gapapaiwa	Austronesian	Malayo-Polynesian	Central-Eastern Malayo-Polynesian	Eastern Malayo-Polynesian	Oceanic	Western Oceanic	Papuan Tip	Nuclear	North Papuan Mainland-D’Entrecasteaux	Are-Taupota	Are
qub	Huallaga Huánuco Quechua	Quechuan	Central Quechua	Ap-am-ah
quc	Central Quiché	Mayan	Yucatecan-Core Mayan	K’ichean-Mamean	K’ichean	Poqom-K’ichean	Core K’ichean
quf	Lambayeque Quechua	Quechuan	Peripheral Quechua	Yungay	Northern
quh	South Bolivian Quechua	Quechuan	Peripheral Quechua	Chinchay	Southern Chinchay
qul	North Bolivian Quechua	Quechuan	Peripheral Quechua	Chinchay	Southern Chinchay
qup	Southern Pastaza Quechua	Quechuan	Peripheral Quechua	Chinchay	Northern Chinchay
quy	Ayacucho Quechua	Quechuan	Peripheral Quechua	Chinchay	Southern Chinchay	Southern Peruvian Quechua
quz	Cusco Quechua	Quechuan	Peripheral Quechua	Chinchay	Southern Chinchay	Southern Peruvian Quechua
qvc	Cajamarca Quechua	Quechuan	Peripheral Quechua	Yungay	Northern
qvh	Huamalíes-Dos de Mayo Huánuco Quechua	Quechuan	Central Quechua	Ap-am-ah	Alto Pativilca
qvm	Margos-Yarowilca-Lauricocha Quechua	Quechuan	Central Quechua	Ap-am-ah	Alto Pativilca
qvn	North Junín Quechua	Quechuan	Central Quechua	Wankay
qvs	San Martín Quechua	Quechuan	Peripheral Quechua	Chinchay	Northern Chinchay
qvw	Huaylla Wanca Quechua	Quechuan	Central Quechua	Wankay
qvz	Northern Pastaza Quichua	Quechuan	Peripheral Quechua	Chinchay	Northern Chinchay
qwh	Huaylas Ancash Quechua	Quechuan	Central Quechua	Waylay
qxh	Panao Huánuco Quechua	Quechuan	Central Quechua	Ap-am-ah	Alto Marañón
qxn	Northern Conchucos Ancash Quechua	Quechuan	Central Quechua	Waylay	Conchucos
qxo	Southern Conchucos Ancash Quechua	Quechuan	Central Quechua	Waylay	Conchucos
rai	Ramoaaina	Austronesian	Malayo-Polynesian	Central-Eastern Malayo-Polynesian	Eastern Malayo-Polynesian	Oceanic	Western Oceanic	Meso Melanesian	New Ireland	South New Ireland-Northwest Solomonic	Patpatar-Tolai
rim	Nyaturu	Niger-Congo	Atlantic-Congo	Volta-Congo	Benue-Congo	Bantoid	Southern	Narrow Bantu	Central	F	Nyilamba-Langi (F.32)
rkb	Rikbaktsa	Language isolate
rmy	Vlax Romani	Indo-European	Indo-Iranian	Indo-Aryan	Central zone	Romani	Vlax
ron	Romanian	Indo-European	Italic	Romance	Eastern
roo	Rotokas	North Bougainville	Rotokas
rop	Kriol	Creole	English based	Pacific
rro	Waima	Austronesian	Malayo-Polynesian	Central-Eastern Malayo-Polynesian	Eastern Malayo-Polynesian	Oceanic	Western Oceanic	Papuan Tip	Peripheral	Central Papuan	West Central Papuan	Nuclear
rus	Russian	Indo-European	Slavic	East
rwo	Rawa	Trans-New Guinea	Finisterre-Huon	Finisterre	Gusap-Mot
sab	Buglere	Chibchan	Chibchan A	Guaymiíc
sbd	Southern Samo	Niger-Congo	Mande	Eastern	Eastern	Samo
sbl	Botolan Sambal	Austronesian	Malayo-Polynesian	Philippine	Central Luzon	Sambalic
sco	Scots	Indo-European	Germanic	West	English
sda	Toraja-Sa'dan	Austronesian	Malayo-Polynesian	South Sulawesi	Northern	Toraja-Sa’dan
sgb	Mag-Anchi Ayta	Austronesian	Malayo-Polynesian	Philippine	Central Luzon	Sambalic
sgz	Sursurunga	Austronesian	Malayo-Polynesian	Central-Eastern Malayo-Polynesian	Eastern Malayo-Polynesian	Oceanic	Western Oceanic	Meso Melanesian	New Ireland	South New Ireland-Northwest Solomonic	Patpatar-Tolai
shi	Tachelhit	Afro-Asiatic	Berber	Northern	Atlas
shk	Shilluk	Nilo-Saharan	Eastern Sudanic	Nilotic	Western	Luo	Northern	Shilluk
sig	Paasaal	Niger-Congo	Atlantic-Congo	Volta-Congo	North	Gur	Central	Southern	Grusi	Western
sil	Tumulung Sisaala	Niger-Congo	Atlantic-Congo	Volta-Congo	North	Gur	Central	Southern	Grusi	Western
sim	Mende	Sepik	Nukuma
sja	Epena	Chocoan	Emberá	Southern Emberá
sld	Sissala	Niger-Congo	Atlantic-Congo	Volta-Congo	North	Gur	Central	Southern	Grusi	Western
sll	Salt-Yui	Trans-New Guinea	Chimbu-Wahgi	Chimbu
sme	North Saami	Uralic	Sami	Western	Northern
smo	Samoan	Austronesian	Malayo-Polynesian	Central-Eastern Malayo-Polynesian	Eastern Malayo-Polynesian	Oceanic	Central-Eastern Oceanic	Remote Oceanic	Central Pacific	East Fijian-Polynesian	Polynesian	Nuclear	Samoic-Outlier	Samoan
snc	Sinaugoro	Austronesian	Malayo-Polynesian	Central-Eastern Malayo-Polynesian	Eastern Malayo-Polynesian	Oceanic	Western Oceanic	Papuan Tip	Peripheral	Central Papuan	Sinagoro-Keapara
snn	Siona	Tucanoan	Western Tucanoan	Macaguaje
snp	Siane	Trans-New Guinea	Kainantu-Goroka	Gorokan	Siane
sny	Saniyo-Hiyewe	Sepik	Sepik Hill	Sanio
som	Somali	Afro-Asiatic	Cushitic	East	Somali
soq	Kanasi	Trans-New Guinea	Southeast Papuan	Dagan
spa	Spanish	Indo-European	Italic	Romance	Italo-Western	Western	Gallo-Iberian	Ibero-Romance	West Iberian	Castilian
spl	Selepet	Trans-New Guinea	Finisterre-Huon	Huon	Western
spp	Supyire Senoufo	Niger-Congo	Atlantic-Congo	Volta-Congo	North	Gur	Senufo	Suppire-Mamara
sps	Saposa	Austronesian	Malayo-Polynesian	Central-Eastern Malayo-Polynesian	Eastern Malayo-Polynesian	Oceanic	Western Oceanic	Meso Melanesian	New Ireland	South New Ireland-Northwest Solomonic	Nehan-North Bougainville	Saposa-Tinputz
spy	Sabaot	Nilo-Saharan	Eastern Sudanic	Nilotic	Southern	Kalenjin	Elgon
sri	Siriano	Tucanoan	Eastern Tucanoan	Desano-Siriano
srm	Saramaccan	Creole	English based
srn	Sranan	Creole	English based	Atlantic	Suriname
srq	Sirionó	Tupian	Tupí-Guaraní	Guarayú	Sirionó
ssd	Siroi	Trans-New Guinea	Madang	Rai Coast	Kabenau
ssx	Samberigi	Trans-New Guinea	Engan	Angal-Kewa
stn	Owa	Austronesian	Malayo-Polynesian	Central-Eastern Malayo-Polynesian	Eastern Malayo-Polynesian	Oceanic	Central-Eastern Oceanic	Southeast Solomonic	Malaita-San Cristobal	San Cristobal
stp	Southeastern Tepehuan	Uto-Aztecan	Southern Uto-Aztecan	Pimic	Tepehuan
sua	Sulka	Language isolate
sue	Suena	Trans-New Guinea	Greater Binanderean	Binanderean	North Binanderean
suk	Sukuma	Niger-Congo	Atlantic-Congo	Volta-Congo	Benue-Congo	Bantoid	Southern	Narrow Bantu	Central	F	Sukuma-Nyamwezi (F.21)
sun	Sunda	Austronesian	Malayo-Polynesian	Sundanese
sur	Mwaghavul	Afro-Asiatic	Chadic	West	A	A.3	Angas Proper	1
sus	Susu	Niger-Congo	Mande	Western	Central-Southwestern	Central	Susu-Yalunka
swe	Swedish	Indo-European	Germanic	North	East Scandinavian	Danish-Swedish	Swedish
swg	Swabian	Indo-European	Germanic	West	High German	German	Upper German	Alemannic
swh	Swahili	Niger-Congo	Atlantic-Congo	Volta-Congo	Benue-Congo	Bantoid	Southern	Narrow Bantu	Central	G	Swahili (G.42)
swk	Malawi Sena	Niger-Congo	Atlantic-Congo	Volta-Congo	Benue-Congo	Bantoid	Southern	Narrow Bantu	Central	N	Senga-Sena (N.40)
swp	Suau	Austronesian	Malayo-Polynesian	Central-Eastern Malayo-Polynesian	Eastern Malayo-Polynesian	Oceanic	Western Oceanic	Papuan Tip	Nuclear	Suauic
sxn	Sangir	Austronesian	Malayo-Polynesian	Philippine	Sangiric	Northern
syc	Syriac	Afro-Asiatic	Semitic	Central	Aramaic	Eastern
szb	Ngalum	Trans-New Guinea	Ok-Awyu	Ok	Ngalum
tab	Tabassaran	North Caucasian	East Caucasian	Lezgic	Nuclear Lezgic	East Lezgic
tac	Lowland Tarahumara	Uto-Aztecan	Southern Uto-Aztecan	Taracahitic	Tarahumaran	Tarahumara
tag	Tagoi	Niger-Congo	Kordofanian	Rashad
taj	Eastern Tamang	Sino-Tibetan	Tibeto-Burman	Western Tibeto-Burman	Bodish	West Bodish	Gurung-Tamang	Tamang
tam	Tamil	Dravidian	Southern	Tamil-Kannada	Tamil-Kodagu	Tamil-Malayalam	Tamil
taq	Tamasheq	Afro-Asiatic	Berber	Tamasheq	Southern
tav	Tatuyo	Tucanoan	Eastern Tucanoan	Carapano
tbc	Takia	Austronesian	Malayo-Polynesian	Central-Eastern Malayo-Polynesian	Eastern Malayo-Polynesian	Oceanic	Western Oceanic	North New Guinea	Ngero-Vitiaz	Vitiaz	Bel	Nuclear Bel	Northern
tbg	North Tairora	Trans-New Guinea	Kainantu-Goroka	Kainantu	Tairora
tbo	Tawala	Austronesian	Malayo-Polynesian	Central-Eastern Malayo-Polynesian	Eastern Malayo-Polynesian	Oceanic	Western Oceanic	Papuan Tip	Nuclear	North Papuan Mainland-D’Entrecasteaux	Are-Taupota	Taupota
tby	Tabaru	West Papuan	North Halmahera	Galela-Loloda
tbz	Ditammari	Niger-Congo	Atlantic-Congo	Volta-Congo	North	Gur	Central	Northern	Oti-Volta	Eastern
tca	Ticuna	Language isolate
tcc	Datooga	Nilo-Saharan	Eastern Sudanic	Nilotic	Southern	Tatoga
tcw	Totonac, Tecpatlán	Totonacan	Totonac
tee	Huehuetla Tepehua	Totonacan	Tepehua
tem	Themne	Niger-Congo	Atlantic-Congo	Atlantic	Southern	Mel	Temne	Temne-Banta
ter	Terêna	Maipurean	Southern	Southern Outlier	Terena
tfr	Teribe	Chibchan	Chibchan A
tgl	Tagalog	Austronesian	Malayo-Polynesian	Philippine	Greater Central Philippine	Central Philippine	Tagalog
tgp	Tangoa	Austronesian	Malayo-Polynesian	Central-Eastern Malayo-Polynesian	Eastern Malayo-Polynesian	Oceanic	Central-Eastern Oceanic	Remote Oceanic	North and Central Vanuatu	Northeast Vanuatu-Banks Islands	West Santo
tha	Thai	Tai-Kadai	Kam-Tai	Tai	Southwestern
thk	Tharaka	Niger-Congo	Atlantic-Congo	Volta-Congo	Benue-Congo	Bantoid	Southern	Narrow Bantu	Central	E	Kikuyu-Kamba (E.54)
tik	Tikar	Niger-Congo	Atlantic-Congo	Volta-Congo	Benue-Congo	Bantoid	Southern	Tikar
tim	Timbe	Trans-New Guinea	Finisterre-Huon	Huon	Western
tku	Totonac, Upper Necaxa	Totonacan	Totonac
tlb	Tobelo	West Papuan	North Halmahera	Galela-Loloda
tlf	Telefol	Trans-New Guinea	Ok-Awyu	Ok	Mountain
tna	Tacana	Tacanan	Tacana
toc	Coyutla Totonac	Totonacan	Totonac
toh	Gitonga	Niger-Congo	Atlantic-Congo	Volta-Congo	Benue-Congo	Bantoid	Southern	Narrow Bantu	Central	S	Chopi (S.62)
toj	Tojolabal	Mayan	Yucatecan-Core Mayan	Q’anjob’alan-Chujean	Chujean
too	Xicotepec de Juárez Totonac	Totonacan	Totonac
top	Papantla Totonac	Totonacan	Totonac
tos	Highland Totonac	Totonacan	Totonac
tpa	Taupota	Austronesian	Malayo-Polynesian	Central-Eastern Malayo-Polynesian	Eastern Malayo-Polynesian	Oceanic	Western Oceanic	Papuan Tip	Nuclear	North Papuan Mainland-D’Entrecasteaux	Are-Taupota	Taupota
tpi	Tok Pisin	Creole	English based	Pacific
tpm	Tampulma	Niger-Congo	Atlantic-Congo	Volta-Congo	North	Gur	Central	Southern	Grusi	Western
tpt	Tlachichilco Tepehua	Totonacan	Tepehua
tpz	Tinputz	Austronesian	Malayo-Polynesian	Central-Eastern Malayo-Polynesian	Eastern Malayo-Polynesian	Oceanic	Western Oceanic	Meso Melanesian	New Ireland	South New Ireland-Northwest Solomonic	Nehan-North Bougainville	Saposa-Tinputz
trc	Copala Triqui	Otomanguean	Eastern Otomanguean	Amuzgo-Mixtecan	Mixtecan	Trique
trn	Trinitario	Maipurean	Southern	Southern Outlier	Mojo	Mojo
trq	San Martín Itunyoso Triqui	Otomanguean	Eastern Otomanguean	Amuzgo-Mixtecan	Mixtecan	Trique
ttc	Tektiteko	Mayan	Yucatecan-Core Mayan	K’ichean-Mamean	Mamean	Teco-Mam
tte	Bwanabwana	Austronesian	Malayo-Polynesian	Central-Eastern Malayo-Polynesian	Eastern Malayo-Polynesian	Oceanic	Western Oceanic	Papuan Tip	Nuclear	Suauic
ttq	Tawallammat Tamajaq	Afro-Asiatic	Berber	Tamasheq	Southern
ttr	Tera	Afro-Asiatic	Chadic	Biu-Mandara	A	A.1	Western
tue	Tuyuca	Tucanoan	Eastern Tucanoan	Bará-Tuyuka
tuf	Central Tunebo	Chibchan	Chibchan B	Eastern Chibchan	Colombian	Southern Colombian	Cundicocuyese
tum	Tumbuka	Niger-Congo	Atlantic-Congo	Volta-Congo	Benue-Congo	Bantoid	Southern	Narrow Bantu	Central	N	Tumbuka (N.21)
tuo	Tucano	Tucanoan	Eastern Tucanoan	Tucano
tur	Turkish	Altaic	Turkic	Southern	Turkish
twu	Termanu	Austronesian	Malayo-Polynesian	Central-Eastern Malayo-Polynesian	Timor-Babar	Nuclear Timor	Rote
txu	Kayapó	Jean	Northern
tyv	Tuvin	Altaic	Turkic	Northern
tzj	Eastern Tzutujil	Mayan	Yucatecan-Core Mayan	K’ichean-Mamean	K’ichean	Poqom-K’ichean	Core K’ichean	Kaqchikel-Tz’utujil
tzo	Venustiano Carranza Tzotzil	Mayan	Yucatecan-Core Mayan	Core Mayan	Cholan-Tzeltalan	Tzeltalan	Tzotzil
ubr	Ubir	Austronesian	Malayo-Polynesian	Central-Eastern Malayo-Polynesian	Eastern Malayo-Polynesian	Oceanic	Western Oceanic	Papuan Tip	Nuclear	North Papuan Mainland-D’Entrecasteaux	Are-Taupota	Are
ubu	Umbu-Ungu	Trans-New Guinea	Chimbu-Wahgi	Hagen	Kaugel
udu	Uduk	Nilo-Saharan	Komuz	Koman
uig	Uyghur	Altaic	Turkic	Eastern
ukr	Ukrainian	Indo-European	Slavic	East
ura	Urarina	Language isolate
urb	Urubú-Kaapor	Tupian	Tupí-Guaraní	Wayampí	Amanayé
urd	Urdu	Indo-European	Indo-Iranian	Indo-Aryan	Central zone	Western Hindi	Hindustani
urk	Urak Lawoi'	Austronesian	Malayo-Polynesian	Malayo-Chamic	Malayic
usa	Usarufa	Trans-New Guinea	Kainantu-Goroka	Kainantu	Gadsup-Auyana-Awa
usp	Uspanteco	Mayan	Yucatecan-Core Mayan	K’ichean-Mamean	K’ichean
uvl	Lote	Austronesian	Malayo-Polynesian	Central-Eastern Malayo-Polynesian	Eastern Malayo-Polynesian	Oceanic	Western Oceanic	North New Guinea	Ngero-Vitiaz	Vitiaz	Mengen
uzn	Northern Uzbek	Altaic	Turkic	Eastern
vag	Vagla	Niger-Congo	Atlantic-Congo	Volta-Congo	North	Gur	Central	Southern	Grusi	Western
vie	Vietnamese	Austro-Asiatic	Mon-Khmer	Viet-Muong	Vietnamese
viv	Iduna	Austronesian	Malayo-Polynesian	Central-Eastern Malayo-Polynesian	Eastern Malayo-Polynesian	Oceanic	Western Oceanic	Papuan Tip	Nuclear	North Papuan Mainland-D’Entrecasteaux	Bwaidoga
vmy	Ayautla Mazatec	Otomanguean	Eastern Otomanguean	Popolocan-Zapotecan	Popolocan	Mazatec
vun	Vunjo	Niger-Congo	Atlantic-Congo	Volta-Congo	Benue-Congo	Bantoid	Southern	Narrow Bantu	Central	E	Chaga (E.62)
waj	Waffa	Trans-New Guinea	Kainantu-Goroka	Kainantu	Tairora
wal	Wolaytta	Afro-Asiatic	Omotic	North	Gonga-Gimojan	Gimojan	Ometo-Gimira	Ometo	Central
war	Waray-Waray	Austronesian	Malayo-Polynesian	Philippine	Greater Central Philippine	Central Philippine	Bisayan	Central	Warayan	Samar-Waray
way	Wayana	Cariban	Central	Wayana
wed	Wedau	Austronesian	Malayo-Polynesian	Central-Eastern Malayo-Polynesian	Eastern Malayo-Polynesian	Oceanic	Western Oceanic	Papuan Tip	Nuclear	North Papuan Mainland-D’Entrecasteaux	Are-Taupota	Taupota
wer	Weri	Trans-New Guinea	Southeast Papuan	Goilalan	Kunimaipa
wim	Wik-Mungkan	Australian	Pama-Nyungan	Paman	Middle Pama
wiu	Wiru	Trans-New Guinea	Wiru
wmw	Mwani	Niger-Congo	Atlantic-Congo	Volta-Congo	Benue-Congo	Bantoid	Southern	Narrow Bantu	Central	G	Swahili (G.403)
wnc	Wantoat	Trans-New Guinea	Finisterre-Huon	Finisterre	Wantoat
wnu	Usan	Trans-New Guinea	Madang	Croisilles	Pihom	Numugenan
wob	Wè Northern	Niger-Congo	Atlantic-Congo	Volta-Congo	Kru	Western	Wee	Wobe
wol	Wolof	Niger-Congo	Atlantic-Congo	Atlantic	Northern	Senegambian	Fula-Wolof	Wolof
wrs	Waris	Border	Waris
wsk	Waskia	Trans-New Guinea	Madang	South Adelbert Range	Kowan
wuv	Wuvulu-Aua	Austronesian	Malayo-Polynesian	Central-Eastern Malayo-Polynesian	Eastern Malayo-Polynesian	Oceanic	Admiralty Islands	Western
xal	Kalmyk-Oirat	Altaic	Mongolic	Eastern	Oirat-Khalkha	Oirat-Kalmyk-Darkhat
xav	Xavánte	Jean	Central
xbi	Kombio	Torricelli	Kombio-Arapesh	Kombio
xho	Xhosa	Niger-Congo	Atlantic-Congo	Volta-Congo	Benue-Congo	Bantoid	Southern	Narrow Bantu	Central	S	Nguni (S.401)
xla	Kamula	Trans-New Guinea	Kamula
xon	Konkomba	Niger-Congo	Atlantic-Congo	Volta-Congo	North	Gur	Central	Northern	Oti-Volta	Gurma
xrb	Eastern Karaboro	Niger-Congo	Atlantic-Congo	Volta-Congo	North	Gur	Senufo	Karaboro
xsi	Sio	Austronesian	Malayo-Polynesian	Central-Eastern Malayo-Polynesian	Eastern Malayo-Polynesian	Oceanic	Western Oceanic	North New Guinea	Ngero-Vitiaz	Vitiaz	Sio
xsm	Kasem	Niger-Congo	Atlantic-Congo	Volta-Congo	North	Gur	Central	Southern	Grusi	Northern
xtd	Diuxi-Tilantongo Mixtec	Otomanguean	Eastern Otomanguean	Amuzgo-Mixtecan	Mixtecan	Mixtec
yad	Yagua	Yaguan
yal	Yalunka	Niger-Congo	Mande	Western	Central-Southwestern	Central	Susu-Yalunka
yam	Yamba	Niger-Congo	Atlantic-Congo	Volta-Congo	Benue-Congo	Bantoid	Southern	Wide Grassfields	Narrow Grassfields	Mbam-Nkam	Nkambe
yaq	Yaqui	Uto-Aztecan	Southern Uto-Aztecan	Taracahitic	Cahitan
yby	Yaweyuha	Trans-New Guinea	Kainantu-Goroka	Gorokan	Siane
ycn	Yucuna	Maipurean	Northern	Upper Amazon	Western Nawiki
yle	Yele	Yele-West New Britain	Yele
yli	Angguruk Yali	Trans-New Guinea	West	Dani	Ngalik
yml	Iamalele	Austronesian	Malayo-Polynesian	Central-Eastern Malayo-Polynesian	Eastern Malayo-Polynesian	Oceanic	Western Oceanic	Papuan Tip	Nuclear	North Papuan Mainland-D’Entrecasteaux	Bwaidoga
yon	Yonggom	Trans-New Guinea	Ok-Awyu	Ok	Lowland
yor	Yoruba	Niger-Congo	Atlantic-Congo	Volta-Congo	Benue-Congo	Defoid	Yoruboid	Edekiri
yrb	Yareba	Trans-New Guinea	Southeast Papuan	Yareban
yss	Yessan-Mayo	Sepik	Tama
yuj	Karkar-Yuri	Pauwasi	Eastern
yut	Yopno	Trans-New Guinea	Finisterre-Huon	Finisterre	Yupna
yuw	Yau	Trans-New Guinea	Finisterre-Huon	Finisterre	Uruwa
zab	San Juan Guelavía Zapotec	Otomanguean	Eastern Otomanguean	Popolocan-Zapotecan	Zapotecan	Zapotec
zac	Ocotlán Zapotec	Otomanguean	Eastern Otomanguean	Popolocan-Zapotecan	Zapotecan	Zapotec
zad	Cajonos Zapotec	Otomanguean	Eastern Otomanguean	Popolocan-Zapotecan	Zapotecan	Zapotec
zai	Isthmus Zapotec	Otomanguean	Eastern Otomanguean	Popolocan-Zapotecan	Zapotecan	Zapotec
zam	Miahuatlán Zapotec	Otomanguean	Eastern Otomanguean	Popolocan-Zapotecan	Zapotecan	Zapotec
zao	Ozolotepec Zapotec	Otomanguean	Eastern Otomanguean	Popolocan-Zapotecan	Zapotecan	Zapotec
zar	Rincón Zapotec	Otomanguean	Eastern Otomanguean	Popolocan-Zapotecan	Zapotecan	Zapotec
zas	Santo Domingo Albarradas Zapotec	Otomanguean	Eastern Otomanguean	Popolocan-Zapotecan	Zapotecan	Zapotec
zat	Tabaa Zapotec	Otomanguean	Eastern Otomanguean	Popolocan-Zapotecan	Zapotecan	Zapotec
zav	Yatzachi Zapotec	Otomanguean	Eastern Otomanguean	Popolocan-Zapotecan	Zapotecan	Zapotec
zaw	Mitla Zapotec	Otomanguean	Eastern Otomanguean	Popolocan-Zapotecan	Zapotecan	Zapotec
zia	Zia	Trans-New Guinea	Greater Binanderean	Binanderean	North Binanderean
zlm	Malay	Austronesian	Malayo-Polynesian	Malayo-Chamic	Malayic	Malay
zom	Zome	Sino-Tibetan	Tibeto-Burman	Sal	Kuki-Chin-Naga	Kuki-Chin	Northern
zos	Francisco León Zoque	Mixe-Zoquean	Zoquean	Chiapas Zoquean
zpc	Choapan Zapotec	Otomanguean	Eastern Otomanguean	Popolocan-Zapotecan	Zapotecan	Zapotec
zpi	Santa María Quiegolani Zapotec	Otomanguean	Eastern Otomanguean	Popolocan-Zapotecan	Zapotecan	Zapotec
zpl	Lachixío Zapotec	Otomanguean	Eastern Otomanguean	Popolocan-Zapotecan	Zapotecan	Zapotec
zpm	Mixtepec Zapotec	Otomanguean	Eastern Otomanguean	Popolocan-Zapotecan	Zapotecan	Zapotec
zpo	Amatlán Zapotec	Otomanguean	Eastern Otomanguean	Popolocan-Zapotecan	Zapotecan	Zapotec
zpq	Zoogocho Zapotec	Otomanguean	Eastern Otomanguean	Popolocan-Zapotecan	Zapotecan	Zapotec
zpu	Yalálag Zapotec	Otomanguean	Eastern Otomanguean	Popolocan-Zapotecan	Zapotecan	Zapotec
zpv	Chichicapan Zapotec	Otomanguean	Eastern Otomanguean	Popolocan-Zapotecan	Zapotecan	Zapotec
zpz	Texmelucan Zapotec	Otomanguean	Eastern Otomanguean	Popolocan-Zapotecan	Zapotecan	Zapotec
zsr	Southern Rincon Zapotec	Otomanguean	Eastern Otomanguean	Popolocan-Zapotecan	Zapotecan	Zapotec
ztq	Quioquitani-Quierí Zapotec	Otomanguean	Eastern Otomanguean	Popolocan-Zapotecan	Zapotecan	Zapotec
zty	Yatee Zapotec	Otomanguean	Eastern Otomanguean	Popolocan-Zapotecan	Zapotecan	Zapotec
zul	Zulu	Niger-Congo	Atlantic-Congo	Volta-Congo	Benue-Congo	Bantoid	Southern	Narrow Bantu	Central	S	Nguni (S.406)
